cam_name;cam_x[m];cam_y[m];cam_z[m];cam_or_x[rad];cam_or_y[rad];cam_or_z[rad];focal_length;cx;cy
cam1;-1.2013207292643442;2.039515014286419;5.077728028995212;-1.8026705988485243;-0.7618738991837587;-0.538824557355862;1156.3255890345213;960.0;540.0
cam2;1.077526134673436;2.0291395588319143;5.062313412069847;-0.8662497972366652;-2.094158258461328;-1.467028536539264;1156.3255890345213;960.0;540.0
cam3;-0.135611983163758;1.6715399151065584;4.078970277030545;-1.806718477694876;0.7468810573167098;0.5227109010949362;1156.3255890345213;960.0;540.0
cam4;-1.0816523126622777;1.9807591828634985;4.929981310407324;-0.8668060407249684;2.0935742612261063;1.466675853312586;1156.3255890345213;960.0;540.0
cam5;-0.004123987037454;1.2793840423936955;3.0188598831088767;-1.4623839877908202;1.4627376761871065;1.0226962604199374;1156.3255890345213;960.0;540.0
cam6;-0.0013922676004788;1.287634850535804;3.024827991641368;-1.4606812716999795;-1.461821915857785;-1.0240855834618332;1156.3255890345213;960.0;540.0
cam7;-0.0027245500318145;1.5173313594892937;3.660493540614533;0.0001783783895383;-2.5734415390979914;-1.802168723349176;1156.3255890345213;960.0;540.0
cam8;-0.0002888946466459;1.824838394151972;4.5073604939034775;-1.9198408537170188;-0.0004402041815671;-0.0005666278357432;1156.3255890345213;960.0;540.0
